Location,Date,Maximum Temperature,Minimum Temperature,Average Temperature,Precipitation,,,,,
Dallas,2017-11-04,88.1,61.1,75,0,,,,,
Dallas,2017-11-05,91.1,73.1,79.9,0,,,,,
Dallas,2017-11-06,74,59,67.1,0,,,,,
Dallas,2017-11-07,61.1,50,55.4,0,,,,,
Dallas,2017-11-08,50,46.1,47.6,0.81,,,,,
Dallas,2017-11-09,54,45,49.6,0,,,,,
Dallas,2017-11-10,64.1,42.2,54.9,0,,,,,
Dallas,2017-11-11,70.1,56,62.6,0,,,,,
Dallas,2017-11-12,70.1,61.1,64.7,0.01,,,,,
Dallas,2017-11-13,66.8,55.7,61.8,0,,,,,
Dallas,2017-11-14,78.2,61.1,69.1,0,,,,,
Dallas,2017-11-15,74,65.9,69.6,0,,,,,
Dallas,2017-11-16,73.1,63,68.3,0,,,,,
Dallas,2017-11-17,82.1,69.2,75.3,0,,,,,
Dallas,2017-11-18,74.9,47.9,64.3,0,,,,,
Dallas,2017-11-19,63,42.2,51.6,0,,,,,
Dallas,2017-11-20,65,44.1,55.1,0,,,,,
Dallas,2017-11-21,68,50,58.7,0,,,,,
Dallas,2017-11-22,56,39.8,47.9,0,,,,,
Dallas,2017-11-23,68,37.1,52,0,,,,,
Dallas,2017-11-24,78.2,44.1,60.6,0,,,,,
Dallas,2017-11-25,74,51.2,62,0,,,,,
Dallas,2017-11-26,72,47,59.3,0,,,,,
Dallas,2017-11-27,74.9,54,63.9,0,,,,,
Dallas,2017-11-28,78.2,54,66.1,0,,,,,
Dallas,2017-11-29,65,52.1,59,0,,,,,
Dallas,2017-11-30,73.1,47.9,59.1,0,,,,,
Dallas,2017-12-01,72,47,60.9,0,,,,,
Dallas,2017-12-02,78.2,56.9,66.5,0,,,,,
Dallas,2017-12-03,77,57.8,67.1,0.01,,,,,
Dallas,2017-12-04,81,56,71.1,0.02,,,,,
Dallas,2017-12-05,57.8,47,51,0,,,,,
Dallas,2017-12-06,54,46.1,49.9,0,,,,,
Dallas,2017-12-07,51.2,34.1,41.1,0,,,,,
Dallas,2017-12-08,47.9,27,37.2,0,,,,,
Dallas,2017-12-09,59,35.1,46.1,0,,,,,
Dallas,2017-12-10,72,36,52.3,0,,,,,
Dallas,2017-12-11,77,38.9,56.9,0,,,,,
Dallas,2017-12-12,56,43.1,50,0,,,,,
Dallas,2017-12-13,74.9,41,55.1,0,,,,,
Dallas,2017-12-14,62.1,41,50.4,0,,,,,
Dallas,2017-12-15,55.1,37.1,45.8,0,,,,,
Dallas,2017-12-16,63,38.9,47.3,0.79,,,,,
Dallas,2017-12-17,52.1,44.1,48.1,0,,,,,
Dallas,2017-12-18,53.1,47.9,50.6,0,,,,,
Dallas,2017-12-19,61.1,54,57.9,3.2,,,,,
Dallas,2017-12-20,60.2,52.1,56.4,0,,,,,
Dallas,2017-12-21,75.8,47.9,62.5,0,,,,,
Dallas,2017-12-22,66.8,37.1,44.2,0.22,,,,,
Dallas,2017-12-23,50,34.1,41.9,0,,,,,
Dallas,2017-12-24,45,35.1,41,0,,,,,
Dallas,2017-12-25,46.1,30.8,38.9,0,,,,,
Dallas,2017-12-26,44.1,38,40.4,0.04,,,,,
Dallas,2017-12-27,41,34.1,36.6,0,,,,,
Dallas,2017-12-28,42.2,36,38.6,0,,,,,
Dallas,2017-12-29,47.9,38,43.1,0,,,,,
Dallas,2017-12-30,47,35.1,42.6,0,,,,,
Dallas,2017-12-31,35.1,24.2,29.2,0,,,,,
Dallas,2018-01-01,29,16.6,22.9,0,,,,,
Dallas,2018-01-02,26,21.8,24.4,0,,,,,
Dallas,2018-01-03,47.9,20.8,32.7,0,,,,,
Dallas,2018-01-04,50.1,26.9,38.3,0,,,,,
Dallas,2018-01-05,62,35,47.7,0,,,,,
Dallas,2018-01-06,62.9,37.1,51.1,0,,,,,
Dallas,2018-01-07,61.1,50.8,55.6,0,,,,,
Dallas,2018-01-08,58.6,42.7,49.8,0.23,,,,,
Dallas,2018-01-09,48.5,39.5,44.2,0,,,,,
Dallas,2018-01-10,57.8,45.7,51.2,0,,,,,
Dallas,2018-01-11,59.5,30.5,46.8,0,,,,,
Dallas,2018-01-12,43.4,23.8,32.8,0,,,,,
Dallas,2018-01-13,46.1,27.7,35.8,0,,,,,
Dallas,2018-01-14,55.1,30.6,41.6,0,,,,,
Dallas,2018-01-15,55.5,29,42.5,0,,,,,
Dallas,2018-01-16,28.7,18.9,23.5,0,,,,,
Dallas,2018-01-17,35,14.3,24.3,0,,,,,
Dallas,2018-01-18,45,21.1,33.1,0,,,,,
Dallas,2018-01-19,53.5,37.2,46.8,0,,,,,
Dallas,2018-01-20,69.7,51.5,61.2,0.01,,,,,
Dallas,2018-01-21,72.7,58.3,66.5,0,,,,,
Dallas,2018-01-22,64.6,46.7,56.3,0.01,,,,,
Dallas,2018-01-23,59.1,39.8,47.9,0,,,,,
Dallas,2018-01-24,63.3,33.3,48.1,0,,,,,
Dallas,2018-01-25,66.1,39.8,53.1,0,,,,,
Dallas,2018-01-26,65,49.6,57.4,0.06,,,,,
Dallas,2018-01-27,65.6,51.9,59.4,0.04,,,,,
Dallas,2018-01-28,65.2,37.1,51.1,0,,,,,
Dallas,2018-01-29,54.7,38.9,45.5,0,,,,,
Dallas,2018-01-30,62.5,32.8,48.1,0,,,,,
Dallas,2018-01-31,73.7,44.2,58.2,0,,,,,
Dallas,2018-02-01,64.7,45.3,55.3,0,,,,,
Dallas,2018-02-02,53,34.3,44.2,0,,,,,
Dallas,2018-02-03,55.8,41.8,49.9,0,,,,,
Dallas,2018-02-04,65.6,37.1,52.6,0,,,,,
Dallas,2018-02-05,46.7,26.9,36.6,0,,,,,
Dallas,2018-02-06,44,32.1,37.9,0,,,,,
Dallas,2018-02-07,47.7,30.8,37.4,0.53,,,,,
Dallas,2018-02-08,60.2,30.1,44.2,0,,,,,
Dallas,2018-02-09,67.6,46.8,57.6,0,,,,,
Dallas,2018-02-10,60.2,30.8,40.1,0,,,,,
Dallas,2018-02-11,41.1,26.5,32.8,0,,,,,
Dallas,2018-02-12,47,28.1,36.5,0,,,,,
Dallas,2018-02-13,44.5,39.5,42.2,0,,,,,
Dallas,2018-02-14,73.4,44,57.3,0.02,,,,,
Dallas,2018-02-15,78.2,65,70.8,0,,,,,
Dallas,2018-02-16,69.5,47.4,56.7,0,,,,,
Dallas,2018-02-17,64.2,42.2,51.2,0.02,,,,,
Dallas,2018-02-18,62.9,46.2,54.4,0.35,,,,,
Dallas,2018-02-19,77.5,64.8,71.5,0.08,,,,,
Dallas,2018-02-20,71.9,38.9,61.1,0.45,,,,,
Dallas,2018-02-21,38.6,34.1,36,4.25,,,,,
Dallas,2018-02-22,39.8,34.1,37.2,0.79,,,,,
Dallas,2018-02-23,52.1,39.3,45.6,1.89,,,,,
Dallas,2018-02-24,63.2,46.7,53.6,0.14,,,,,
Dallas,2018-02-25,65.6,42.9,54,0.85,,,,,
Dallas,2018-02-26,67.6,43.8,55.2,0,,,,,
Dallas,2018-02-27,64.5,51.3,59.1,0,,,,,
Dallas,2018-02-28,70.1,62.6,66.6,0.07,,,,,
Dallas,2018-03-01,61.6,52.1,57,1.14,,,,,
Dallas,2018-03-02,69.7,44.2,57.6,0,,,,,
Dallas,2018-03-03,73.1,49.3,62.9,0,,,,,
Dallas,2018-03-04,71.5,62,67.1,0,,,,,
Dallas,2018-03-05,72.3,53.5,66.6,0,,,,,
Dallas,2018-03-06,66.5,41.5,55.6,0,,,,,
Dallas,2018-03-07,59.5,41.1,49.6,0,,,,,
Dallas,2018-03-08,69.2,43.4,56,0,,,,,
Dallas,2018-03-09,74.4,50.3,63.7,0,,,,,
Dallas,2018-03-10,83.6,62.5,72,0,,,,,
Dallas,2018-03-11,69.3,52.1,62.5,0,,,,,
Dallas,2018-03-12,62,41.1,51.4,0,,,,,
Dallas,2018-03-13,64.1,44,53.7,0,,,,,
Dallas,2018-03-14,68.1,39.1,55.6,0,,,,,
Dallas,2018-03-15,75.8,50.8,63.7,0,,,,,
Dallas,2018-03-16,84.8,64.7,73.3,0.01,,,,,
Dallas,2018-03-17,78.2,55.5,66.3,0,,,,,
Dallas,2018-03-18,77.8,60.5,67.9,0.95,,,,,
Dallas,2018-03-19,73.1,53,64.3,0,,,,,
Dallas,2018-03-20,65.6,44.5,54.7,0,,,,,
Dallas,2018-03-21,72.3,46.1,59.7,0,,,,,
Dallas,2018-03-22,78.7,52.7,66.4,0,,,,,
Dallas,2018-03-23,75.8,61.6,68.2,0,,,,,
Dallas,2018-03-24,86.1,66.8,74.8,0,,,,,
Dallas,2018-03-25,75.5,65,71.3,0,,,,,
Dallas,2018-03-26,85.3,68.1,75.7,0,,,,,
Dallas,2018-03-27,71.5,59.1,66.1,0,,,,,
Dallas,2018-03-28,65.9,56.9,60.9,2.27,,,,,
Dallas,2018-03-29,73.1,56,62.6,0.07,,,,,
Dallas,2018-03-30,71.5,50.5,60.5,0,,,,,
Dallas,2018-03-31,77.3,54.9,67,0,,,,,
Dallas,2018-04-01,73.7,46.1,62.8,0,,,,,
Dallas,2018-04-02,60.6,42.5,50,0,,,,,
Dallas,2018-04-03,78.4,53.9,69,0,,,,,
Dallas,2018-04-04,63.3,44.5,54.1,0.24,,,,,
Dallas,2018-04-05,74,49.6,62,0,,,,,
Dallas,2018-04-06,83.6,54.3,71.5,0,,,,,
Dallas,2018-04-07,51.5,35,41.1,0.01,,,,,
Dallas,2018-04-08,55.2,36.7,46.2,0,,,,,
Dallas,2018-04-09,70.3,45.7,58.7,0,,,,,
Dallas,2018-04-10,72.3,48.5,61.1,0,,,,,
Dallas,2018-04-11,80.5,52.8,67.2,0,,,,,
Dallas,2018-04-12,82.7,62.5,72.4,0,,,,,
Dallas,2018-04-13,86.8,70.6,75.8,0,,,,,
Dallas,2018-04-14,67.6,47.6,55.5,0,,,,,
Dallas,2018-04-15,65,39.5,51.2,0,,,,,
Dallas,2018-04-16,81.7,43.8,64.1,0,,,,,
Dallas,2018-04-17,85.3,59.8,72.5,0,,,,,
Dallas,2018-04-18,78.2,60.2,70.8,0,,,,,
Dallas,2018-04-19,71.9,51.7,62.4,0,,,,,
Dallas,2018-04-20,69.7,50.8,59.6,0,,,,,
Dallas,2018-04-21,65.9,55.2,60.2,0,,,,,
Dallas,2018-04-22,68.1,53,59.6,0.07,,,,,
Dallas,2018-04-23,75.8,52.6,64,0,,,,,
Dallas,2018-04-24,83.2,56.6,71.1,0,,,,,
Dallas,2018-04-25,71.6,50.8,60.3,0.01,,,,,
Dallas,2018-04-26,73.7,47,60.5,0.05,,,,,
Dallas,2018-04-27,80.2,57.5,68.7,0,,,,,
Dallas,2018-04-28,84.5,52.6,71.1,0,,,,,
Dallas,2018-04-29,84.8,61.4,74.8,0,,,,,
Dallas,2018-04-30,81,60.4,72.4,0,,,,,
Dallas,2018-05-01,80.2,69.7,74.4,0,,,,,
Dallas,2018-05-02,86.8,72.3,78.2,0,,,,,
Dallas,2018-05-03,77.8,67.6,73.5,0.02,,,,,
Dallas,2018-05-04,74,65,69.1,0.66,,,,,
Dallas,2018-05-05,83.2,60.5,71.4,0.71,,,,,
Dallas,2018-05-06,87.7,59.5,74.8,0,,,,,
Dallas,2018-05-07,91.8,65.9,79.6,0,,,,,
Dallas,2018-05-08,89.2,70.3,80.2,0,,,,,
Dallas,2018-05-09,88.3,68.5,78.7,0,,,,,
Dallas,2018-05-10,86.1,65.2,77.6,0,,,,,
Dallas,2018-05-11,88.6,71,79.6,0,,,,,
Dallas,2018-05-12,90.7,73.7,81.4,0,,,,,
Dallas,2018-05-13,89.9,72.7,81.6,0,,,,,
Dallas,2018-05-14,89,74.2,81.7,0,,,,,
Dallas,2018-05-15,87.3,74.2,78.8,0,,,,,
Dallas,2018-05-16,92.6,69.7,80.3,0,,,,,
Dallas,2018-05-17,92.6,69.7,81.4,0,,,,,
Dallas,2018-05-18,95.8,73.7,84.6,0.08,,,,,
Dallas,2018-05-19,92.6,73.7,82.8,0,,,,,
Dallas,2018-05-20,81,66.8,74.8,0,,,,,
Dallas,2018-05-21,87.3,68.3,77.7,0.48,,,,,
Dallas,2018-05-22,89.2,70.6,79.6,0,,,,,
Dallas,2018-05-23,90.3,72.3,81.9,0,,,,,
Dallas,2018-05-24,89.9,71.2,81.6,0,,,,,
Dallas,2018-05-25,91.7,75.9,81.3,0,,,,,
Dallas,2018-05-26,96.2,72,84.1,0,,,,,
Dallas,2018-05-27,96.2,77.3,86.9,0,,,,,
Dallas,2018-05-28,93.3,75.1,85.1,0,,,,,
Dallas,2018-05-29,95.8,76.3,86.9,0,,,,,
Dallas,2018-05-30,96.2,79.4,87.3,0,,,,,
Dallas,2018-05-31,96.7,77.1,87.2,0,,,,,
Dallas,2018-06-01,98,77.3,87.7,0,,,,,
Dallas,2018-06-02,99.7,79.3,89.6,0,,,,,
Dallas,2018-06-03,93.5,79.1,85.5,0,,,,,
Dallas,2018-06-04,84.3,69.5,77.6,0,,,,,
Dallas,2018-06-05,93.2,73.2,83.5,0.53,,,,,
Dallas,2018-06-06,95.8,77.8,86.9,0.07,,,,,
Dallas,2018-06-07,95.5,78.7,84.6,0,,,,,
Dallas,2018-06-08,96.2,74.6,85.1,0.01,,,,,
Dallas,2018-06-09,96.5,78.7,87.1,0,,,,,
Dallas,2018-06-10,98,75.5,87.1,0,,,,,
Dallas,2018-06-11,97.1,79.6,87.8,0,,,,,
Dallas,2018-06-12,96.2,79.6,88,0,,,,,
Dallas,2018-06-13,98,79.3,88.7,0,,,,,
Dallas,2018-06-14,97.6,80.2,89.4,0,,,,,
Dallas,2018-06-15,97.4,78.3,88.1,0,,,,,
Dallas,2018-06-16,96.5,78.7,87.9,0,,,,,
Dallas,2018-06-17,95.8,77.8,85.8,0,,,,,
Dallas,2018-06-18,92.2,77.8,83.3,0,,,,,
Dallas,2018-06-19,86.1,74,80.3,0.05,,,,,
Dallas,2018-06-20,89,75.5,82.1,0.01,,,,,
Dallas,2018-06-21,99.3,76.9,87.8,0.03,,,,,
Dallas,2018-06-22,102.3,81.7,92.1,0,,,,,
Dallas,2018-06-23,97.4,80.6,88.7,0,,,,,
Dallas,2018-06-24,100.1,82.2,89.7,0,,,,,
Dallas,2018-06-25,94.6,78.2,87,0.01,,,,,
Dallas,2018-06-26,98.3,80.2,88.8,0,,,,,
Dallas,2018-06-27,101.6,79.6,90.6,0,,,,,
Dallas,2018-06-28,100.7,79.6,90.4,0,,,,,
Dallas,2018-06-29,99.7,79.3,89.7,0,,,,,
Dallas,2018-06-30,100.5,79.3,89.3,0,,,,,
Dallas,2018-07-01,103.3,78.3,90.4,0,,,,,
Dallas,2018-07-02,101.9,81,91.6,0,,,,,
Dallas,2018-07-03,102.7,81.5,91.3,0,,,,,
Dallas,2018-07-04,92,78.4,85.1,0,,,,,
Dallas,2018-07-05,98.5,75.1,86,0,,,,,
Dallas,2018-07-06,96.2,80.3,85.2,0,,,,,
Dallas,2018-07-07,97.1,76.6,86.3,0.08,,,,,
Dallas,2018-07-08,96.7,77.5,85.8,0,,,,,
Dallas,2018-07-09,90.1,77.8,82.7,0,,,,,
Dallas,2018-07-10,94.6,75.8,81.8,0.14,,,,,
Dallas,2018-07-11,95.8,76.6,85.5,0.06,,,,,
Dallas,2018-07-12,97.8,73.7,82.8,0,,,,,
Dallas,2018-07-13,98,73.8,85.9,0.28,,,,,
Dallas,2018-07-14,99.3,80.2,90.1,0,,,,,
Dallas,2018-07-15,101,81,91,0,,,,,
Dallas,2018-07-16,102.1,81.3,91.8,0,,,,,
Dallas,2018-07-17,105.2,82.2,93.5,0,,,,,
Dallas,2018-07-18,106.6,83,94.5,0,,,,,
Dallas,2018-07-19,108.7,85.3,96.7,0,,,,,
Dallas,2018-07-20,109.1,84.1,96.5,0,,,,,
Dallas,2018-07-21,109.7,83.9,96.8,0,,,,,
Dallas,2018-07-22,110.6,84.1,96.9,0,,,,,
Dallas,2018-07-23,103.6,85.6,94.6,0,,,,,
Dallas,2018-07-24,98,80.9,89.7,0,,,,,
Dallas,2018-07-25,101,77.2,90.4,0,,,,,
Dallas,2018-07-26,104.3,84.8,93.9,0,,,,,
Dallas,2018-07-27,97.6,88.1,92.3,0,,,,,
Dallas,2018-07-28,101,84.5,91.3,0,,,,,
Dallas,2018-07-29,101.4,80.5,91.5,0,,,,,
Dallas,2018-07-30,90.7,73.7,81.9,0,,,,,
Dallas,2018-07-31,92.9,75.3,84.2,0.07,,,,,
Dallas,2018-08-01,95.1,72.5,84.2,0,,,,,
Dallas,2018-08-02,95.8,72.5,85.8,0,,,,,
Dallas,2018-08-03,98.5,73.8,87.4,0,,,,,
Dallas,2018-08-04,98.9,76.6,88.1,0,,,,,
Dallas,2018-08-05,98.9,77.3,88.8,0,,,,,
Dallas,2018-08-06,98.9,79.6,89.7,0,,,,,
Dallas,2018-08-07,98.9,80.2,90.3,0,,,,,
Dallas,2018-08-08,94.3,81.7,87.7,0,,,,,
Dallas,2018-08-09,97.8,76.6,84.6,0.02,,,,,
Dallas,2018-08-10,83.3,73.7,77.9,0.04,,,,,
Dallas,2018-08-11,79.1,71.9,75.1,0,,,,,
Dallas,2018-08-12,86.3,73.2,78,1.15,,,,,
Dallas,2018-08-13,88.6,74.6,79.1,0.3,,,,,
Dallas,2018-08-14,91.2,75.8,83.4,0.23,,,,,
Dallas,2018-08-15,97.6,79.3,88.1,0,,,,,
Dallas,2018-08-16,98,80.5,89.3,0,,,,,
Dallas,2018-08-17,98.9,82.2,90.5,0,,,,,
Dallas,2018-08-18,101,78.5,88.7,0,,,,,
Dallas,2018-08-19,96.2,78.7,86.5,0.36,,,,,
Dallas,2018-08-20,95.5,80.9,86.7,0.09,,,,,
Dallas,2018-08-21,93.5,75.5,84.3,0,,,,,
Dallas,2018-08-22,95.3,74.2,84.5,0,,,,,
Dallas,2018-08-23,99.1,76.3,87.7,0,,,,,
Dallas,2018-08-24,99.3,80.5,89.9,0,,,,,
Dallas,2018-08-25,97.6,80.2,89.2,0,,,,,
Dallas,2018-08-26,96.5,80.2,88.8,0,,,,,
Dallas,2018-08-27,97.4,80,89,0,,,,,
Dallas,2018-08-28,98,80.5,88.9,0,,,,,
Dallas,2018-08-29,97.3,79.6,88,0,,,,,
Dallas,2018-08-30,94.3,77.2,86.2,0,,,,,
Dallas,2018-08-31,96.9,80.2,88.5,0,,,,,
Dallas,2018-09-01,94.9,79.4,87.1,0,,,,,
Dallas,2018-09-02,93.1,78.1,84.9,0,,,,,
Dallas,2018-09-03,81.3,74.8,77.8,0,,,,,
Dallas,2018-09-04,89.5,75.1,81,0.52,,,,,
Dallas,2018-09-05,88.1,78.9,81.7,0,,,,,
Dallas,2018-09-06,90.3,76.3,80.4,1.07,,,,,
Dallas,2018-09-07,92,75.9,80.7,0.03,,,,,
Dallas,2018-09-08,77.3,73.2,75.3,2.77,,,,,
Dallas,2018-09-09,76.6,69.7,72.9,1.06,,,,,
Dallas,2018-09-10,78.3,70.3,72.7,0,,,,,
Dallas,2018-09-11,78.3,68.8,72.7,0.02,,,,,
Dallas,2018-09-12,86.1,72.3,77,0.09,,,,,
Dallas,2018-09-13,88.6,72,79.7,0.01,,,,,
Dallas,2018-09-14,84.7,72.3,78.5,0,,,,,
Dallas,2018-09-15,91.1,73.2,80.5,0.2,,,,,
Dallas,2018-09-16,92,75.1,82.8,0.01,,,,,
Dallas,2018-09-17,92.3,76.6,85.1,0,,,,,
Dallas,2018-09-18,94.3,78.1,86.1,0,,,,,
Dallas,2018-09-19,94.3,78.4,86.7,0,,,,,
Dallas,2018-09-20,90,75.6,81.4,0,,,,,
Dallas,2018-09-21,87.7,74.6,78.9,0.25,,,,,
Dallas,2018-09-22,79.4,70.6,74.7,5.99,,,,,
Dallas,2018-09-23,73.2,68.1,70.5,0.19,,,,,
Dallas,2018-09-24,81,71.2,75.2,0.01,,,,,
Dallas,2018-09-25,90.9,72.3,80,0,,,,,
Dallas,2018-09-26,77.3,63.3,69.4,0.01,,,,,
Dallas,2018-09-27,79.6,61.4,68.8,0.17,,,,,
Dallas,2018-09-28,78.7,62.2,69.6,0,,,,,
Dallas,2018-09-29,78.7,68.3,72.7,0,,,,,
Dallas,2018-09-30,84.5,72,76.8,0,,,,,
Dallas,2018-10-01,85.9,72.3,77.5,0,,,,,
Dallas,2018-10-02,85.9,70.3,77.8,0,,,,,
Dallas,2018-10-03,90,74.2,81.6,0,,,,,
Dallas,2018-10-04,89.2,74.8,81.5,0,,,,,
Dallas,2018-10-05,88.6,74.2,81.5,0,,,,,
Dallas,2018-10-06,88.6,74.2,79.9,0,,,,,
Dallas,2018-10-07,86.5,73.8,78.2,0.06,,,,,
Dallas,2018-10-08,84.1,70.6,75.7,0.09,,,,,
Dallas,2018-10-09,75.1,63.9,68.6,2.07,,,,,
Dallas,2018-10-10,73.2,60.3,65.3,2.5,,,,,
Dallas,2018-10-11,73.2,54.9,63.6,0,,,,,
Dallas,2018-10-12,70.4,61.4,64.4,0,,,,,
Dallas,2018-10-13,68.3,61.6,63.7,1.39,,,,,
Dallas,2018-10-14,79.3,53.5,65.7,2.46,,,,,
Dallas,2018-10-15,51.7,41.8,44.6,0.78,,,,,
Dallas,2018-10-16,51.3,45.3,47.9,2.39,,,,,
Dallas,2018-10-17,54.7,50.8,52.3,0.69,,,,,
Dallas,2018-10-18,66.1,54,61,0.32,,,,,
Dallas,2018-10-19,60.4,57.5,59.4,0,,,,,
Dallas,2018-10-20,74.2,56.8,63.3,0.67,,,,,
Dallas,2018-10-21,69.9,49.6,58.8,0,,,,,
Dallas,2018-10-22,65.2,49.3,57.2,0,,,,,
Dallas,2018-10-23,72,56.2,62.3,0,,,,,
Dallas,2018-10-24,58.6,53.2,56.2,0,,,,,
Dallas,2018-10-25,61.4,53.6,56.7,2.29,,,,,
Dallas,2018-10-26,72.3,50.5,60.1,0,,,,,
Dallas,2018-10-27,83.2,52.4,66.7,0,,,,,
Dallas,2018-10-28,85.3,62.8,72.9,0,,,,,
Dallas,2018-10-29,83,63.7,73.2,0,,,,,
Dallas,2018-10-30,81.6,70.1,75.3,0,,,,,
Dallas,2018-10-31,73.8,53.3,61.4,0.04,,,,,
Dallas,2018-11-01,62.5,50.6,55.8,0.61,,,,,
Dallas,2018-11-02,73.3,48.4,59.7,0,,,,,
Dallas,2018-11-03,73.8,51.8,64.1,0,,,,,
Dallas,2018-11-04,65.2,50.9,58,0.34,,,,,
Dallas,2018-11-05,80.5,53.5,65.4,0,,,,,
Dallas,2018-11-06,74.2,57.4,67.1,0,,,,,
Dallas,2018-11-07,70.6,57.4,61.8,0.01,,,,,
Dallas,2018-11-08,57.4,50,55.1,0,,,,,
Dallas,2018-11-09,55.5,41.9,48.8,0.37,,,,,
Dallas,2018-11-10,51.6,35,44.8,0,,,,,
Dallas,2018-11-11,52.4,46.5,48.8,0,,,,,
Dallas,2018-11-12,46.5,34.6,41.5,0.46,,,,,
Dallas,2018-11-13,41.6,30.4,34.5,0.03,,,,,
Dallas,2018-11-14,48.2,26.5,36,0,,,,,
Dallas,2018-11-15,64.5,33.6,49.1,0,,,,,
Dallas,2018-11-16,72.4,44.7,57.3,0,,,,,
Dallas,2018-11-17,70.6,46.3,59.1,0,,,,,
Dallas,2018-11-18,55.5,38.5,43,0.01,,,,,
Dallas,2018-11-19,54.4,37.5,44.5,0,,,,,
Dallas,2018-11-20,59.4,35.9,46.7,0,,,,,
Dallas,2018-11-21,59.9,35.7,48.4,0,,,,,
Dallas,2018-11-22,63.8,40.3,53.2,0,,,,,
Dallas,2018-11-23,74.7,53.4,61.8,0,,,,,
Dallas,2018-11-24,73.5,45.7,60.7,0,,,,,
Dallas,2018-11-25,61.8,40.5,53.7,0,,,,,
Dallas,2018-11-26,50.9,32.6,40.9,0,,,,,
Dallas,2018-11-27,66.4,38.2,50.7,0,,,,,
Dallas,2018-11-28,70.6,42.2,57.1,0,,,,,
Dallas,2018-11-29,78.3,52.1,65.4,0,,,,,
Dallas,2018-11-30,72,63.5,68.7,0,,,,,
Dallas,2018-12-01,71.2,56.4,64,0.15,,,,,
Dallas,2018-12-02,60.2,47.2,53.4,0,,,,,
Dallas,2018-12-03,53.9,39.8,48.2,0,,,,,
Dallas,2018-12-04,47.2,31.3,40,0,,,,,
Dallas,2018-12-05,53.2,32.1,44,0,,,,,
Dallas,2018-12-06,53.2,47.2,50.6,0,,,,,
Dallas,2018-12-07,47,44,45.7,0.18,,,,,
Dallas,2018-12-08,44,38.2,40.8,0.92,,,,,
Dallas,2018-12-09,50.8,37.2,42.3,0.2,,,,,
Dallas,2018-12-10,56.2,34.1,44.4,0,,,,,
Dallas,2018-12-11,60.3,36.1,49.6,0,,,,,
Dallas,2018-12-12,64.2,48.8,56.4,0,,,,,
Dallas,2018-12-13,64.5,46.7,57.2,0.02,,,,,
Dallas,2018-12-14,50.8,43.3,46,0.1,,,,,
Dallas,2018-12-15,60.3,38.6,47.8,0.03,,,,,
Dallas,2018-12-16,65,37.7,51.5,0,,,,,
Dallas,2018-12-17,53.5,43.8,47.9,0,,,,,
Dallas,2018-12-18,62,37.8,49.3,0,,,,,
Dallas,2018-12-19,59.3,51.3,54.4,0,,,,,
Dallas,2018-12-20,59.3,47.2,53,0.01,,,,,
Dallas,2018-12-21,58.6,38.8,49.8,0,,,,,
Dallas,2018-12-22,66.5,46.7,53.4,0,,,,,
Dallas,2018-12-23,57.1,43.1,48.1,0,,,,,
Dallas,2018-12-24,61.1,38,51.3,0,,,,,
Dallas,2018-12-25,63.9,56.2,60.4,0,,,,,
Dallas,2018-12-26,65.8,55.7,61.6,0,,,,,
Dallas,2018-12-27,63.7,41.3,53.5,2.39,,,,,
Dallas,2018-12-28,46.8,35.2,40.7,0,,,,,
Dallas,2018-12-29,41.3,36.3,38.2,0,,,,,
Dallas,2018-12-30,42.3,35.9,39,0,,,,,
Dallas,2018-12-31,61.3,40.3,48.2,0.54,,,,,
Dallas,2019-01-01,43.4,35.7,39.1,0,,,,,
Dallas,2019-01-02,36.8,32.9,34.8,0.02,,,,,
Dallas,2019-01-03,40.5,35.5,37.9,0.99,,,,,
Dallas,2019-01-04,59.6,37.5,46,0.48,,,,,
Dallas,2019-01-05,71,37.8,53.8,0,,,,,
Dallas,2019-01-06,67.1,45.8,57.8,0,,,,,
Dallas,2019-01-07,75.2,57,66,0,,,,,
Dallas,2019-01-08,67.5,50.2,57.9,0,,,,,
Dallas,2019-01-09,60.3,42.9,49.9,0,,,,,
Dallas,2019-01-10,50.9,42.3,47.2,0,,,,,
Dallas,2019-01-11,53.7,45.6,49.6,0,,,,,
Dallas,2019-01-12,55.8,41.9,46.7,0.39,,,,,
Dallas,2019-01-13,41.9,36.8,39,0,,,,,
Dallas,2019-01-14,45.6,36.6,39.6,0,,,,,
Dallas,2019-01-15,49.5,37.1,44,0,,,,,
Dallas,2019-01-16,61.6,46.1,53.3,0,,,,,
Dallas,2019-01-17,58.7,43.1,53.6,0,,,,,
Dallas,2019-01-18,67.5,43.1,55.8,0,,,,,
Dallas,2019-01-19,60.3,31.5,38.7,0.03,,,,,
Dallas,2019-01-20,46.5,26.3,36.6,0,,,,,
Dallas,2019-01-21,58.7,37.3,48,0,,,,,
Dallas,2019-01-22,63.8,37.8,54,0,,,,,
Dallas,2019-01-23,48.4,28.5,37.1,0.02,,,,,
Dallas,2019-01-24,59.6,33.6,45.5,0,,,,,
Dallas,2019-01-25,52.6,31.5,41.6,0,,,,,
Dallas,2019-01-26,57.6,37.8,46.1,0,,,,,
Dallas,2019-01-27,62.5,34.3,48.7,0,,,,,
Dallas,2019-01-28,61.8,39.4,50.3,0,,,,,
Dallas,2019-01-29,47.2,29.5,39.7,0,,,,,
Dallas,2019-01-30,51.6,35.1,43,0,,,,,
Dallas,2019-01-31,56,41.4,49.8,0,,,,,
Dallas,2019-02-01,62.5,52.6,57.5,0,,,,,
Dallas,2019-02-02,65.5,53.3,59.5,0.01,,,,,
Dallas,2019-02-03,71.4,60.6,65.2,0.01,,,,,
Dallas,2019-02-04,79.1,62.7,69.9,0,,,,,
Dallas,2019-02-05,76.7,63.8,70.5,0,,,,,
Dallas,2019-02-06,77.7,68.9,72.4,0,,,,,
Dallas,2019-02-07,71.5,30.8,44.7,0.31,,,,,
Dallas,2019-02-08,37.5,25.1,32,0,,,,,
Dallas,2019-02-09,38.5,35.3,36.4,0,,,,,
Dallas,2019-02-10,44.5,35.7,40.6,0.14,,,,,
Dallas,2019-02-11,59.6,45.6,53.3,0.14,,,,,
Dallas,2019-02-12,56.7,42.6,49.6,0.27,,,,,
Dallas,2019-02-13,62.3,36.8,51.2,0,,,,,
Dallas,2019-02-14,78.3,51.3,62.7,0,,,,,
Dallas,2019-02-15,74.2,37.8,57.3,0,,,,,
Dallas,2019-02-16,43,34.8,38.5,0,,,,,
Dallas,2019-02-17,52.6,39.6,45.9,0.01,,,,,
Dallas,2019-02-18,45.2,34.8,40,0,,,,,
Dallas,2019-02-19,39.8,36.9,38.7,0,,,,,
Dallas,2019-02-20,56.7,37.8,46.5,0.41,,,,,
Dallas,2019-02-21,51.6,42.9,47.7,0,,,,,
Dallas,2019-02-22,50,46.5,48.4,0.11,,,,,
Dallas,2019-02-23,68.6,48.6,57.2,0.03,,,,,
Dallas,2019-02-24,60.3,36.9,48.5,0.02,,,,,
Dallas,2019-02-25,64.6,38.9,52.4,0,,,,,
Dallas,2019-02-26,62.3,51.3,56.1,0,,,,,
Dallas,2019-02-27,63.2,32.6,50.9,0,,,,,
Dallas,2019-02-28,37.6,30.3,33.5,0,,,,,
Dallas,2019-03-01,45,34.1,39.6,0,,,,,
Dallas,2019-03-02,44.1,39.8,42.4,0,,,,,
Dallas,2019-03-03,43.1,29,36.3,0.11,,,,,
Dallas,2019-03-04,33.2,21.8,27.6,0.01,,,,,
Dallas,2019-03-05,46.1,23,33.9,0,,,,,
Dallas,2019-03-06,54,27,43.1,0,,,,,
Dallas,2019-03-07,72,48.8,60.5,0,,,,,
Dallas,2019-03-08,79.1,62.1,70.1,0,,,,,
Dallas,2019-03-09,78.2,60.2,70.8,0,,,,,
Dallas,2019-03-10,60.2,53.1,56.6,0.32,,,,,
Dallas,2019-03-11,64.1,52.1,58,0.04,,,,,
Dallas,2019-03-12,69.2,57.8,61.8,0,,,,,
Dallas,2019-03-13,72,56,64.8,0.88,,,,,
Dallas,2019-03-14,66.8,52.1,59.7,0.19,,,,,
Dallas,2019-03-15,61.1,44.1,52.1,0,,,,,
Dallas,2019-03-16,63,38.9,51.1,0,,,,,
Dallas,2019-03-17,66.8,39.8,54.2,0,,,,,
Dallas,2019-03-18,70.1,43.1,58.1,0,,,,,
Dallas,2019-03-19,71,52,61.9,0,,,,,
Dallas,2019-03-20,67,52,59.4,0,,,,,
Dallas,2019-03-21,79,48,62.7,0,,,,,
Dallas,2019-03-22,77,51,65.2,0,,,,,
Dallas,2019-03-23,71,62,66.7,0,,,,,
Dallas,2019-03-24,82,62,71.5,0.01,,,,,
Dallas,2019-03-25,73,56,65.3,0.31,,,,,
Dallas,2019-03-26,72,52,61.9,0,,,,,
Dallas,2019-03-27,75,55,65.1,0,,,,,
Dallas,2019-03-28,78,58,67.2,0,,,,,
Dallas,2019-03-29,74,64,69.2,0,,,,,
Dallas,2019-03-30,70,48,57.1,0,,,,,
Dallas,2019-03-31,57,40,48.5,0.02,,,,,
Dallas,2019-04-01,62,43,51.8,0,,,,,
Dallas,2019-04-02,72,45,58.2,0,,,,,
Dallas,2019-04-03,69,53,61.7,0,,,,,
Dallas,2019-04-04,84,63,69.9,0,,,,,
Dallas,2019-04-05,80,57,67.7,0,,,,,
Dallas,2019-04-06,68,59,64,0,,,,,
Dallas,2019-04-07,72,62,66.5,0.84,,,,,
Dallas,2019-04-08,84,0,66.5,0.09,,,,,
Dallas,2019-04-09,89,58,73.6,0,,,,,
Dallas,2019-04-10,90,67,78.5,0,,,,,
Dallas,2019-04-11,73,57,65.4,0,,,,,
Dallas,2019-04-12,71,50,60.8,0,,,,,
Dallas,2019-04-13,64,43,56.1,0.47,,,,,
Dallas,2019-04-14,68,43,54.9,2.3,,,,,
Dallas,2019-04-15,80,54,67.5,0,,,,,
Dallas,2019-04-16,77,63,70,0,,,,,
Dallas,2019-04-17,82,69,73.3,0,,,,,
Dallas,2019-04-18,74,55,64.3,0.59,,,,,
Dallas,2019-04-19,68,52,59.5,0.23,,,,,
Dallas,2019-04-20,79,48,65.6,0,,,,,
Dallas,2019-04-21,82,60,71.8,0,,,,,
Dallas,2019-04-22,79,65,71.3,0,,,,,
Dallas,2019-04-23,76,63,69.8,0,,,,,
Dallas,2019-04-24,68,62,64.7,3.55,,,,,
Dallas,2019-04-25,82,60,69.4,0.45,,,,,
Dallas,2019-04-26,79,59,70.5,0,,,,,
Dallas,2019-04-27,85,64,74.9,0,,,,,
Dallas,2019-04-28,82,68,73.9,0,,,,,
Dallas,2019-04-29,82,69,75.3,0.01,,,,,
Dallas,2019-04-30,82,74,77.2,0,,,,,
Dallas,2019-05-01,84,64,74.8,0.01,,,,,
Dallas,2019-05-02,81,63,68.6,1.54,,,,,
Dallas,2019-05-03,78,64,70.6,0.04,,,,,
Dallas,2019-05-04,78,64,69.8,0.17,,,,,
Dallas,2019-05-05,83,61,72.9,0,,,,,
Dallas,2019-05-06,83,72,77.3,0,,,,,
Dallas,2019-05-07,86,71,75.9,0,,,,,
Dallas,2019-05-08,73,63,67.3,1.41,,,,,
Dallas,2019-05-09,77,57,66.2,1.23,,,,,
Dallas,2019-05-10,61,53,56.3,0,,,,,
Dallas,2019-05-11,67,57,60.1,1.33,,,,,
Dallas,2019-05-12,78,59,68,0.72,,,,,
Dallas,2019-05-13,83,61,73.7,0,,,,,
Dallas,2019-05-14,85,64,75.8,0,,,,,
Dallas,2019-05-15,86,66,78,0,,,,,
Dallas,2019-05-16,87,71,79.6,0,,,,,
Dallas,2019-05-17,87,70,78.3,0,,,,,
Dallas,2019-05-18,79,67,71.8,0,,,,,
Dallas,2019-05-19,87,71,77.2,2.89,,,,,
Dallas,2019-05-20,89,74,80.2,0,,,,,
Dallas,2019-05-21,85,67,75.6,0,,,,,
Dallas,2019-05-22,90,69,78.7,0.11,,,,,
Dallas,2019-05-23,90,78,83.1,0,,,,,
Dallas,2019-05-24,90,78,82.6,0,,,,,
Dallas,2019-05-25,90,74,81.2,0,,,,,
Dallas,2019-05-26,89,74,81.2,0,,,,,
Dallas,2019-05-27,90,74,80.9,0,,,,,
Dallas,2019-05-28,87,74,81.1,0,,,,,
Dallas,2019-05-29,86,71,78.2,0,,,,,
Dallas,2019-05-30,87,68,75.1,0.56,,,,,
Dallas,2019-05-31,86,70,77.4,0,,,,,
Dallas,2019-06-01,93,67,76.8,0,,,,,
Dallas,2019-06-02,90,69,78,0,,,,,
Dallas,2019-06-03,93,75,84.1,0,,,,,
Dallas,2019-06-04,87,75,81.6,0,,,,,
Dallas,2019-06-05,81,75,77.2,0,,,,,
Dallas,2019-06-06,90,70,77.4,0.18,,,,,
Dallas,2019-06-07,88,71,78.5,0.08,,,,,
Dallas,2019-06-08,94,74,83.6,0,,,,,
Dallas,2019-06-09,92,70,79.5,0,,,,,
Dallas,2019-06-10,83,70,76.5,0.65,,,,,
Dallas,2019-06-11,79,69,73.8,0,,,,,
Dallas,2019-06-12,88,66,76.3,0,,,,,
Dallas,2019-06-13,87,66,78.4,0,,,,,
Dallas,2019-06-14,91,73,82.4,0,,,,,
Dallas,2019-06-15,94,77,84.7,0,,,,,
Dallas,2019-06-16,84,67,72,0.74,,,,,
Dallas,2019-06-17,89,67,76.4,1.02,,,,,
Dallas,2019-06-18,93,74,84,0,,,,,
Dallas,2019-06-19,95,73,84.8,0.17,,,,,
Dallas,2019-06-20,96,77,87.3,0.04,,,,,
Dallas,2019-06-21,96,82,87.3,0,,,,,
Dallas,2019-06-22,92,82,86.5,0,,,,,
Dallas,2019-06-23,94,69,83.8,0.01,,,,,
Dallas,2019-06-24,85,70,75.8,0.62,,,,,
Dallas,2019-06-25,91,75,81.9,0,,,,,
Dallas,2019-06-26,90,74,81.4,0,,,,,
Dallas,2019-06-27,91,74,81.7,0,,,,,
Dallas,2019-06-28,93,76,84.8,0,,,,,
Dallas,2019-06-29,95,74,84.4,0,,,,,
Dallas,2019-06-30,87,72,79.1,0.02,,,,,
Dallas,2019-07-01,90,75,81.6,0,,,,,
Dallas,2019-07-02,92,76,83,0.01,,,,,
Dallas,2019-07-03,92,75,81.6,0,,,,,
Dallas,2019-07-04,93,78,84.7,0,,,,,
Dallas,2019-07-05,93,79,85.2,0.14,,,,,
Dallas,2019-07-06,95,80,84.9,0,,,,,
Dallas,2019-07-07,97,80,87.4,0,,,,,
Dallas,2019-07-08,94,81,86.6,0,,,,,
Dallas,2019-07-09,97,81,88.1,0,,,,,
Dallas,2019-07-10,97,77,86.4,0,,,,,
Dallas,2019-07-11,97,76,86.8,0.13,,,,,
Dallas,2019-07-12,93,75,85.3,0,,,,,
Dallas,2019-07-13,94,78,86,0,,,,,
Dallas,2019-07-14,86,77,81.2,0,,,,,
Dallas,2019-07-15,94,74,84.8,0,,,,,
Dallas,2019-07-16,98,81,90,0,,,,,
Dallas,2019-07-17,96,80,88.5,0,,,,,
Dallas,2019-07-18,96,79,88.2,0,,,,,
Dallas,2019-07-19,96,80,88.5,0,,,,,
Dallas,2019-07-20,97,80,88.3,0,,,,,
Dallas,2019-07-21,97,80,88.6,0,,,,,
Dallas,2019-07-22,95,81,86.9,0,,,,,
Dallas,2019-07-23,91,75,83.2,0,,,,,
Dallas,2019-07-24,86,73,80.3,0,,,,,
Dallas,2019-07-25,89,71,79.6,0,,,,,
Dallas,2019-07-26,89,71,80.9,0,,,,,
Dallas,2019-07-27,94,74,84.5,0,,,,,
Dallas,2019-07-28,95,78,87.3,0,,,,,
Dallas,2019-07-29,95,80,87.1,0,,,,,
Dallas,2019-07-30,102,81,90.5,0,,,,,
Dallas,2019-07-31,97,77,87.7,0,,,,,
Dallas,2019-08-01,95,80,87.9,0,,,,,
Dallas,2019-08-02,96,80,88,0,,,,,
Dallas,2019-08-03,89,77,82.9,0,,,,,
Dallas,2019-08-04,94,76,84,0.39,,,,,
Dallas,2019-08-05,96,80,88.5,0.11,,,,,
Dallas,2019-08-06,98,83,90.5,0,,,,,
Dallas,2019-08-07,100,83,91.5,0,,,,,
Dallas,2019-08-08,96,82,89.5,0,,,,,
Dallas,2019-08-09,102,82,91.7,0,,,,,
Dallas,2019-08-10,102,81,91.3,0,,,,,
Dallas,2019-08-11,100,82,91.2,0,,,,,
Dallas,2019-08-12,101,83,92.2,0,,,,,
Dallas,2019-08-13,103,83,92.7,0,,,,,
Dallas,2019-08-14,95,76,85.6,0.04,,,,,
Dallas,2019-08-15,98,80,89.4,0.06,,,,,
Dallas,2019-08-16,100,81,90.9,0,,,,,
Dallas,2019-08-17,100,82,90.5,0,,,,,
Dallas,2019-08-18,100,82,90.6,0,,,,,
Dallas,2019-08-19,101,82,91.3,0,,,,,
Dallas,2019-08-20,101,84,92.4,0,,,,,
Dallas,2019-08-21,99,82,90.5,0,,,,,
Dallas,2019-08-22,99,82,90.5,0,,,,,
Dallas,2019-08-23,95,82,87.9,0,,,,,
Dallas,2019-08-24,93,79,85.5,0,,,,,
Dallas,2019-08-25,99,79,89,0,,,,,
Dallas,2019-08-26,102,82,92,0,,,,,
Dallas,2019-08-27,90,73,80.1,0,,,,,
Dallas,2019-08-28,95,76,85.3,0.16,,,,,
Dallas,2019-08-29,98,79,88.9,0,,,,,
Dallas,2019-08-30,95,74,81,0,,,,,
Dallas,2019-08-31,84,74,77.8,0.08,,,,,
Dallas,2019-09-01,95,74,84.8,0,,,,,
Dallas,2019-09-02,97,76,87,0,,,,,
Dallas,2019-09-03,97,79,88,0,,,,,
Dallas,2019-09-04,98,78,88.4,0,,,,,
Dallas,2019-09-05,100,78,88.9,0,,,,,
Dallas,2019-09-06,102,78,90,0,,,,,
Dallas,2019-09-07,101,80,91,0,,,,,
Dallas,2019-09-08,100,79,89.6,0,,,,,
Dallas,2019-09-09,96,78,86.6,0,,,,,
Dallas,2019-09-10,95,76,85.5,0,,,,,
Dallas,2019-09-11,96,76,83.7,0,,,,,
Dallas,2019-09-12,96,76,85.4,0,,,,,
Dallas,2019-09-13,95,80,87.6,0,,,,,
Dallas,2019-09-14,98,78,88.3,0,,,,,
Dallas,2019-09-15,99,79,89.1,0,,,,,
Dallas,2019-09-16,96,80,87.8,0,,,,,
Dallas,2019-09-17,94,77,85.4,0,,,,,
Dallas,2019-09-18,94,77,84.1,0,,,,,
Dallas,2019-09-19,81,76,77.9,0,,,,,
Dallas,2019-09-20,96,75,81.9,0.06,,,,,
Dallas,2019-09-21,94,78,83.5,0,,,,,
Dallas,2019-09-22,94,77,85,0,,,,,
Dallas,2019-09-23,94,79,84.9,0,,,,,
Dallas,2019-09-24,95,78,85.6,1.04,,,,,
Dallas,2019-09-25,96,79,86.7,0,,,,,
Dallas,2019-09-26,94,78,85.9,0,,,,,
Dallas,2019-09-27,95,76,85,0,,,,,
Dallas,2019-09-28,94,79,85.6,0,,,,,
Dallas,2019-09-29,95,79,85.2,0,,,,,
Dallas,2019-09-30,93,76,83.7,0,,,,,
Dallas,2019-10-01,94,78,84.3,0,,,,,
Dallas,2019-10-02,95,77,86.1,0,,,,,
Dallas,2019-10-03,95,79,85.9,0,,,,,
Dallas,2019-10-04,91,77,82.7,0,,,,,
Dallas,2019-10-05,94,72,82.9,0,,,,,
Dallas,2019-10-06,97,67,83.8,0,,,,,
Dallas,2019-10-07,80,61,68.9,0,,,,,
Dallas,2019-10-08,81,59,69.8,0,,,,,
Dallas,2019-10-09,88,65,74.6,0,,,,,
Dallas,2019-10-10,92,61,76.7,0,,,,,
Dallas,2019-10-11,64,45,52.7,0.96,,,,,
Dallas,2019-10-12,66,41,54.6,0.17,,,,,
Dallas,2019-10-13,77,57,66.4,0,,,,,
Dallas,2019-10-14,74,62,68,0,,,,,
Dallas,2019-10-15,84,69,75.7,0.04,,,,,
Dallas,2019-10-16,70,55,63,0.01,,,,,
Dallas,2019-10-17,71,51,60.1,0,,,,,
Dallas,2019-10-18,77,52,64.3,0,,,,,
Dallas,2019-10-19,85,62,72.1,0.03,,,,,
Dallas,2019-10-20,88,57,73.7,0,,,,,
Dallas,2019-10-21,79,54,66.1,0.88,,,,,
Dallas,2019-10-22,75,51,62.2,0,,,,,
Dallas,2019-10-23,81,57,68.6,0,,,,,
Dallas,2019-10-24,76,51,62.1,0,,,,,
Dallas,2019-10-25,51,45,48.7,1.62,,,,,
Dallas,2019-10-26,69,49,55.9,0.05,,,,,
Dallas,2019-10-27,76,51,63.8,0,,,,,
Dallas,2019-10-28,65,51,57.8,0,,,,,
Dallas,2019-10-29,50,45,46.7,0.05,,,,,
Dallas,2019-10-30,46,39,43.5,1.28,,,,,
Dallas,2019-10-31,52,31,39.9,0.07,,,,,
Dallas,2019-11-01,61,35,47.1,0,,,,,
Dallas,2019-11-02,65,38,50.1,0,,,,,
Dallas,2019-11-03,68,41,54.9,0,,,,,
Dallas,2019-11-04,77,52,64.5,0,,,,,
Dallas,2019-11-05,66,61,63.3,0,,,,,
Dallas,2019-11-06,77,61,69.4,0.05,,,,,
Dallas,2019-11-07,70,43,53.9,0.39,,,,,
Dallas,2019-11-08,57,42,46.9,0.25,,,,,
Dallas,2019-11-09,68,41,54.9,0,,,,,
Dallas,2019-11-10,74,49,62.6,0,,,,,
Dallas,2019-11-11,66,30,49.5,0,,,,,
Dallas,2019-11-12,39,23,30.8,0,,,,,
Dallas,2019-11-13,47,27,37.7,0,,,,,
Dallas,2019-11-14,59,41,48.1,0,,,,,
Dallas,2019-11-15,61,37,47.7,0,,,,,
Dallas,2019-11-16,63,39,51,0,,,,,
Dallas,2019-11-17,68,43,54.5,0,,,,,
Dallas,2019-11-18,72,41,57.6,0,,,,,
Dallas,2019-11-19,80,47,64.8,0,,,,,
Dallas,2019-11-20,78,59,66.8,0,,,,,
Dallas,2019-11-21,76,53,69.1,0.06,,,,,
Dallas,2019-11-22,53,43,47.6,0.44,,,,,
Dallas,2019-11-23,56,37,46.5,0.79,,,,,
Dallas,2019-11-24,69,40,55.3,0,,,,,
Dallas,2019-11-25,74,51,60.3,0,,,,,
Dallas,2019-11-26,73,58,67,0,,,,,
Dallas,2019-11-27,53,43,49,0,,,,,
Dallas,2019-11-28,51,44,46.4,0,,,,,
Dallas,2019-11-29,72,46,54.7,0.14,,,,,
Dallas,2019-11-30,74,56,68.4,0.47,,,,,
Dallas,2019-12-01,58,43,50.3,0.09,,,,,
Dallas,2019-12-02,58,40,48.1,0,,,,,
Dallas,2019-12-03,69,41,54.7,0,,,,,
Dallas,2019-12-04,70,41,56.6,0,,,,,
Dallas,2019-12-05,72,55,63.8,0,,,,,
Dallas,2019-12-06,63,49,57.9,0,,,,,
Dallas,2019-12-07,64,41,52.2,0,,,,,
Dallas,2019-12-08,70,51,61.5,0,,,,,
Dallas,2019-12-09,74,41,59.3,0,,,,,
Dallas,2019-12-10,46,36,40.4,0.59,,,,,
Dallas,2019-12-11,53,35,42.7,0,,,,,
Dallas,2019-12-12,58,39,48.4,0,,,,,
Dallas,2019-12-13,63,45,51.9,0,,,,,
Dallas,2019-12-14,66,40,53.1,0,,,,,
Dallas,2019-12-15,76,47,57.2,0,,,,,
Dallas,2019-12-16,46,37,40.6,0,,,,,
Dallas,2019-12-17,50,32,39.8,0,,,,,
Dallas,2019-12-18,61,31,43.8,0,,,,,
Dallas,2019-12-19,60,34,46.7,0,,,,,
Dallas,2019-12-20,51,43,46.8,0,,,,,
Dallas,2019-12-21,50,44,46.9,0,,,,,
Dallas,2019-12-22,56,39,47.5,0,,,,,
Dallas,2019-12-23,67,34,47,0,,,,,
Dallas,2019-12-24,72,43,56.7,0,,,,,
Dallas,2019-12-25,71,50,60.6,0,,,,,
Dallas,2019-12-26,66,52,59.9,0,,,,,
Dallas,2019-12-27,71,59,64,0,,,,,
Dallas,2019-12-28,67,56,63,0.01,,,,,
Dallas,2019-12-29,55,44,49,0.86,,,,,
Dallas,2019-12-30,56,36,45.3,0.01,,,,,
Dallas,2019-12-31,57,35,45,0,,,,,
Dallas,2020-01-01,56,43,50.9,0,,,,,
Dallas,2020-01-02,62,50,56.4,0,,,,,
Dallas,2020-01-03,60,44,50.4,0,,,,,
Dallas,2020-01-04,60,37,48.4,0,,,,,
Dallas,2020-01-05,71,40,55.6,0,,,,,
Dallas,2020-01-06,66,39,51.7,0,,,,,
Dallas,2020-01-07,64,37,51.2,0,,,,,
Dallas,2020-01-08,65,38,54.6,0,,,,,
Dallas,2020-01-09,71,58,64.2,0,,,,,
Dallas,2020-01-10,71,44,65.2,0,,,,,
Dallas,2020-01-11,44,31,37.1,1.18,,,,,
Dallas,2020-01-12,56,33,43.4,0,,,,,
Dallas,2020-01-13,62,43,52.4,0,,,,,
Dallas,2020-01-14,72,57,63,0,,,,,
Dallas,2020-01-15,79,63,70.1,0,,,,,
Dallas,2020-01-16,61,48,52,1.65,,,,,
Dallas,2020-01-17,65,49,55.8,2.56,,,,,
Dallas,2020-01-18,63,43,56.4,0.12,,,,,
Dallas,2020-01-19,55,33,45.7,0,,,,,
Dallas,2020-01-20,56,38,46.1,0,,,,,
Dallas,2020-01-21,52,37,44.8,0,,,,,
Dallas,2020-01-22,46,40,42.4,0.19,,,,,
Dallas,2020-01-23,57,45,48.7,0.19,,,,,
Dallas,2020-01-24,60,40,48.8,0,,,,,
Dallas,2020-01-25,65,44,55.2,0,,,,,
Dallas,2020-01-26,64,50,56.8,0,,,,,
Dallas,2020-01-27,61,44,50.9,0,,,,,
Dallas,2020-01-28,62,42,53.3,0.23,,,,,
Dallas,2020-01-29,46,40,42.6,0.14,,,,,
Dallas,2020-01-30,47,40,43,0,,,,,
Dallas,2020-01-31,56,43,47.7,0,,,,,
Dallas,2020-02-01,67,36,51.2,0,,,,,
Dallas,2020-02-02,80,42,62.4,0,,,,,
Dallas,2020-02-03,71,56,64,0,,,,,
Dallas,2020-02-04,67,40,52.8,0.05,,,,,
Dallas,2020-02-05,40,34,36.6,0.01,,,,,
Dallas,2020-02-06,47,30,38.4,0.01,,,,,
Dallas,2020-02-07,61,34,47.6,0,,,,,
Dallas,2020-02-08,65,42,54.9,0,,,,,
Dallas,2020-02-09,71,58,63.9,0,,,,,
Dallas,2020-02-10,56,41,46.1,0,,,,,
Dallas,2020-02-11,45,41,43.6,0.41,,,,,
Dallas,2020-02-12,48,43,44.9,1.62,,,,,
Dallas,2020-02-13,45,34,41,0.81,,,,,
Dallas,2020-02-14,52,28,40.8,0,,,,,
Dallas,2020-02-15,64,42,52.4,0,,,,,
Dallas,2020-02-16,78,51,63.7,0,,,,,
Dallas,2020-02-17,77,61,67.5,0,,,,,
Dallas,2020-02-18,64,48,55.1,0,,,,,
Dallas,2020-02-19,49,43,45.9,0.32,,,,,
Dallas,2020-02-20,55,38,44.6,0.89,,,,,
Dallas,2020-02-21,50,32,41.7,0.01,,,,,
Dallas,2020-02-22,56,43,49.7,0,,,,,
Dallas,2020-02-23,61,50,54.6,0,,,,,
Dallas,2020-02-24,67,50,60,0.01,,,,,
Dallas,2020-02-25,61,44,51.2,0,,,,,
Dallas,2020-02-26,49,36,43,0,,,,,
Dallas,2020-02-27,61,32,47,0,,,,,
Dallas,2020-02-28,67,39,53.5,0,,,,,
Dallas,2020-02-29,74,47,62,0,,,,,
Dallas,2020-03-01,72,59,64.8,0,,,,,
Dallas,2020-03-02,71,60,65.9,0,,,,,
Dallas,2020-03-03,69,58,62.6,0,,,,,
Dallas,2020-03-04,60,51,56.2,0.23,,,,,
Dallas,2020-03-05,73,45,59,0.73,,,,,
Dallas,2020-03-06,68,42,56.8,0,,,,,
Dallas,2020-03-07,63,49,55.5,0,,,,,
Dallas,2020-03-08,69,50,59.6,0,,,,,
Dallas,2020-03-09,74,61,65.7,0.01,,,,,
Dallas,2020-03-10,79,53,65.9,0.05,,,,,
Dallas,2020-03-11,86,68,74.4,0,,,,,
Dallas,2020-03-12,82,69,75.3,0,,,,,
Dallas,2020-03-13,76,62,65.8,0.49,,,,,
Dallas,2020-03-14,73,55,62.2,0.42,,,,,
Dallas,2020-03-15,58,51,53.8,0.03,,,,,
Dallas,2020-03-16,68,52,57.8,2.76,,,,,
Dallas,2020-03-17,69,61,64.7,0,,,,,
Dallas,2020-03-18,78,65,71.2,1.37,,,,,
Dallas,2020-03-19,81,66,71.6,0.04,,,,,
Dallas,2020-03-20,67,46,53.9,1.2,,,,,
Dallas,2020-03-21,58,42,50.9,0.11,,,,,
Dallas,2020-03-22,66,53,58.3,0.33,,,,,
Dallas,2020-03-23,68,60,63.6,0,,,,,
Dallas,2020-03-24,87,63,73.9,0,,,,,
Dallas,2020-03-25,88,58,73.8,0,,,,,
Dallas,2020-03-26,83,68,76.1,0,,,,,
Dallas,2020-03-27,83,69,75.8,0,,,,,
Dallas,2020-03-28,77,56,69.5,0,,,,,
Dallas,2020-03-29,70,53,62.1,0.4,,,,,
Dallas,2020-03-30,64,55,58.4,0.05,,,,,
Dallas,2020-03-31,69,53,58.6,0.43,,,,,
Dallas,2020-04-01,71,50,61.9,0,,,,,
Dallas,2020-04-02,70,60,65.2,0,,,,,
Dallas,2020-04-03,68,41,55,0.06,,,,,
Dallas,2020-04-04,49,41,45.4,0.12,,,,,
Dallas,2020-04-05,66,48,55.4,0.02,,,,,
Dallas,2020-04-06,72,61,66.9,0,,,,,
Dallas,2020-04-07,88,68,76.4,0,,,,,
Dallas,2020-04-08,96,70,82,0,,,,,
Dallas,2020-04-09,77,65,72.2,0,,,,,
Dallas,2020-04-10,74,58,65.8,0,,,,,
Dallas,2020-04-11,69,59,64.6,0,,,,,
Dallas,2020-04-12,80,47,69.3,0.38,,,,,
Dallas,2020-04-13,58,41,48.8,0.06,,,,,
Dallas,2020-04-14,57,44,49.8,0,,,,,
Dallas,2020-04-15,66,41,53.4,0,,,,,
Dallas,2020-04-16,74,50,62.5,0,,,,,
Dallas,2020-04-17,66,51,58.8,0,,,,,
Dallas,2020-04-18,71,44,58.2,0,,,,,
Dallas,2020-04-19,83,63,68.9,0,,,,,
Dallas,2020-04-20,76,56,65,0.02,,,,,
Dallas,2020-04-21,84,63,74,0,,,,,
Dallas,2020-04-22,88,68,73.4,0,,,,,
Dallas,2020-04-23,84,60,72.6,0.02,,,,,
Dallas,2020-04-24,92,67,76.6,0,,,,,
Dallas,2020-04-25,78,58,68.3,0,,,,,
Dallas,2020-04-26,83,54,70.1,0,,,,,
Dallas,2020-04-27,84,66,75.5,0,,,,,
Dallas,2020-04-28,89,67,76.8,0.11,,,,,
Dallas,2020-04-29,80,63,70.8,0.48,,,,,
Dallas,2020-04-30,82,54,69.8,0,,,,,
Dallas,2020-05-01,87,65,76.6,0,,,,,
Dallas,2020-05-02,88,67,76.8,0,,,,,
Dallas,2020-05-03,90,71,80.2,0,,,,,
Dallas,2020-05-04,92,71,81.5,0,,,,,
Dallas,2020-05-05,80,65,73.8,0.14,,,,,
Dallas,2020-05-06,83,57,71.9,0,,,,,
Dallas,2020-05-07,84,61,73.8,0,,,,,
Dallas,2020-05-08,74,61,69.1,0.19,,,,,
Dallas,2020-05-09,74,55,64.7,0.03,,,,,
Dallas,2020-05-10,77,55,67.8,0,,,,,
Dallas,2020-05-11,80,59,71.3,0,,,,,
Dallas,2020-05-12,79,68,72.5,0.01,,,,,
Dallas,2020-05-13,84,67,73.6,0.1,,,,,
Dallas,2020-05-14,90,73,79.1,0,,,,,
Dallas,2020-05-15,87,68,75.8,0,,,,,
Dallas,2020-05-16,69,65,66.4,0.01,,,,,
Dallas,2020-05-17,85,65,72.6,3.03,,,,,
Dallas,2020-05-18,90,64,78.3,0,,,,,
Dallas,2020-05-19,95,73,82,0,,,,,
Dallas,2020-05-20,78,72,74.8,0,,,,,
Dallas,2020-05-21,87,71,77.8,0,,,,,
Dallas,2020-05-22,92,76,82.6,0,,,,,
Dallas,2020-05-23,90,67,77.1,0.48,,,,,
Dallas,2020-05-24,87,69,77.2,0,,,,,
Dallas,2020-05-25,70,66,68,0.08,,,,,
Dallas,2020-05-26,74,64,68.3,1.16,,,,,
Dallas,2020-05-27,85,61,74.2,0,,,,,
Dallas,2020-05-28,86,69,77.5,0,,,,,
Dallas,2020-05-29,88,67,78.5,0,,,,,
Dallas,2020-05-30,87,69,78.5,0,,,,,
Dallas,2020-05-31,86,70,79,0,,,,,
Dallas,2020-06-01,86,72,79,0,,,,,
Dallas,2020-06-02,90,75,82.4,0,,,,,
Dallas,2020-06-03,92,77,85.2,0,,,,,
Dallas,2020-06-04,95,77,86,0,,,,,
Dallas,2020-06-05,95,80,87.5,0,,,,,
Dallas,2020-06-06,96,79,88.2,0,,,,,
Dallas,2020-06-07,94,78,86,0,,,,,
Dallas,2020-06-08,97,80,88.9,0,,,,,
Dallas,2020-06-09,99,77,89,0,,,,,
Dallas,2020-06-10,90,67,78.4,0,,,,,
Dallas,2020-06-11,92,65,80.5,0,,,,,
Dallas,2020-06-12,92,70,81.9,0,,,,,
Dallas,2020-06-13,94,72,83.4,0,,,,,
Dallas,2020-06-14,92,73,84.3,0,,,,,
Dallas,2020-06-15,94,78,86.1,0,,,,,
Dallas,2020-06-16,94,78,86,0,,,,,
Dallas,2020-06-17,95,76,86.1,0,,,,,
Dallas,2020-06-18,93,75,84.9,0,,,,,
Dallas,2020-06-19,94,68,81.6,0,,,,,
Dallas,2020-06-20,89,69,76.3,4.47,,,,,
Dallas,2020-06-21,88,70,79.1,0,,,,,
Dallas,2020-06-22,92,68,78.1,0.51,,,,,
Dallas,2020-06-23,82,70,75.9,0.37,,,,,
Dallas,2020-06-24,92,70,82.1,0.57,,,,,
Dallas,2020-06-25,89,75,82.1,0,,,,,
Dallas,2020-06-26,90,76,81.8,0,,,,,
Dallas,2020-06-27,93,77,84.4,0,,,,,
Dallas,2020-06-28,89,79,83.3,0,,,,,
Dallas,2020-06-29,93,81,86,0.11,,,,,
Dallas,2020-06-30,93,82,86.1,0,,,,,
Dallas,2020-07-01,94,81,86.8,0,,,,,
Dallas,2020-07-02,92,79,84.6,0,,,,,
Dallas,2020-07-03,99,79,87.3,0.21,,,,,
Dallas,2020-07-04,95,77,86.8,0,,,,,
Dallas,2020-07-05,95,78,83.9,0,,,,,
Dallas,2020-07-06,89,74,79.9,0.88,,,,,
Dallas,2020-07-07,90,75,80,0.09,,,,,
Dallas,2020-07-08,94,77,85.8,0,,,,,
Dallas,2020-07-09,95,80,87.2,0,,,,,
Dallas,2020-07-10,95,80,87.7,0,,,,,
Dallas,2020-07-11,98,82,89.8,0,,,,,
Dallas,2020-07-12,101,80,90,0,,,,,
Dallas,2020-07-13,102,85,92.7,0,,,,,
Dallas,2020-07-14,98,81,90.3,0,,,,,
Dallas,2020-07-15,96,81,88.2,0,,,,,
Dallas,2020-07-16,98,82,89.2,0,,,,,
Dallas,2020-07-17,97,81,89.6,0,,,,,
Dallas,2020-07-18,92,79,86.2,0,,,,,
Dallas,2020-07-19,96,80,87.5,0,,,,,
Dallas,2020-07-20,96,81,88,0,,,,,
Dallas,2020-07-21,92,78,83.2,0,,,,,
Dallas,2020-07-22,93,78,85.4,0,,,,,
Dallas,2020-07-23,95,79,87.1,0.08,,,,,
Dallas,2020-07-24,96,81,88.3,0,,,,,
Dallas,2020-07-25,92,79,84.2,0,,,,,
Dallas,2020-07-26,94,79,84.3,0,,,,,
Dallas,2020-07-27,91,77,82.5,0,,,,,
Dallas,2020-07-28,83,76,79.5,0,,,,,
Dallas,2020-07-29,94,79,85.7,0.2,,,,,
Dallas,2020-07-30,98,76,87.5,0,,,,,
Dallas,2020-07-31,92,75,81.7,0,,,,,
Dallas,2020-08-01,93,73,83.4,0,,,,,
Dallas,2020-08-02,96,77,86.3,0,,,,,
Dallas,2020-08-03,94,76,85.4,0,,,,,
Dallas,2020-08-04,93,76,84.7,0,,,,,
Dallas,2020-08-05,91,78,83.2,0,,,,,
Dallas,2020-08-06,98,76,87.1,0,,,,,
Dallas,2020-08-07,98,80,89.2,0,,,,,
Dallas,2020-08-08,98,81,89.7,0,,,,,
Dallas,2020-08-09,98,80,89.4,0,,,,,
Dallas,2020-08-10,99,81,90.2,0,,,,,
Dallas,2020-08-11,99,82,90.7,0,,,,,
Dallas,2020-08-12,101,84,92.4,0,,,,,
Dallas,2020-08-13,102,85,93.2,0,,,,,
Dallas,2020-08-14,104,85,93.6,0,,,,,
Dallas,2020-08-15,103,83,93.2,0,,,,,
Dallas,2020-08-16,104,73,86.6,0,,,,,
Dallas,2020-08-17,93,74,83.8,1.03,,,,,
Dallas,2020-08-18,96,78,87.3,0,,,,,
Dallas,2020-08-19,93,73,83.4,0,,,,,
Dallas,2020-08-20,93,73,83.3,0,,,,,
Dallas,2020-08-21,94,72,83.6,0,,,,,
Dallas,2020-08-22,96,76,86.3,0,,,,,
Dallas,2020-08-23,96,76,86.8,0,,,,,
Dallas,2020-08-24,97,78,87.3,0,,,,,
Dallas,2020-08-25,98,79,88.1,0,,,,,
Dallas,2020-08-26,92,77,83.8,0,,,,,
Dallas,2020-08-27,95,75,83.5,0,,,,,
Dallas,2020-08-28,105,80,90.9,0,,,,,
Dallas,2020-08-29,105,80,91,0,,,,,
Dallas,2020-08-30,96,73,82.3,1.33,,,,,
Dallas,2020-08-31,99,83,89.9,1.33,,,,,
Dallas,2020-09-01,91,72,79.5,0,,,,,
Dallas,2020-09-02,80,0,73.9,0,,,,,
Dallas,2020-09-03,82,73,76.9,0,,,,,
Dallas,2020-09-04,87,73,79.3,0,,,,,
Dallas,2020-09-05,91,76,80.9,0,,,,,
Dallas,2020-09-06,90,74,81.5,0.04,,,,,
Dallas,2020-09-07,94,77,85.5,0,,,,,
Dallas,2020-09-08,90,76,82.3,0,,,,,
Dallas,2020-09-09,84,61,75.6,0.01,,,,,
Dallas,2020-09-10,69,57,62.5,2.74,,,,,
Dallas,2020-09-11,79,65,71.3,0,,,,,
Dallas,2020-09-12,88,68,78.1,0,,,,,
Dallas,2020-09-13,89,71,80,0,,,,,
Dallas,2020-09-14,89,70,78.4,0,,,,,
Dallas,2020-09-15,88,75,81.1,0,,,,,
Dallas,2020-09-16,87,74,80.9,0,,,,,
Dallas,2020-09-17,89,74,80.8,0,,,,,
Dallas,2020-09-18,86,68,77.6,0,,,,,
Dallas,2020-09-19,81,65,72.8,0,,,,,
Dallas,2020-09-20,84,62,73.3,0,,,,,
Dallas,2020-09-21,75,66,69.9,0,,,,,
Dallas,2020-09-22,72,66,68.9,0.39,,,,,
Dallas,2020-09-23,73,64,68.7,0.06,,,,,
Dallas,2020-09-24,79,64,70,0,,,,,
Dallas,2020-09-25,84,63,72.6,0,,,,,
Dallas,2020-09-26,89,66,75.9,0,,,,,
Dallas,2020-09-27,89,70,79.9,0,,,,,
Dallas,2020-09-28,78,60,68,0,,,,,
Dallas,2020-09-29,82,55,67.5,0,,,,,
Dallas,2020-09-30,92,57,74.8,0,,,,,
Dallas,2020-10-01,82,62,72.4,0,,,,,
Dallas,2020-10-02,78,58,68.1,0,,,,,
Dallas,2020-10-03,83,60,70.5,0,,,,,
Dallas,2020-10-04,79,64,70.8,0,,,,,
Dallas,2020-10-05,79,57,67.5,0,,,,,
Dallas,2020-10-06,87,61,73.5,0,,,,,
Dallas,2020-10-07,87,66,76.2,0,,,,,
Dallas,2020-10-08,87,64,76.4,0,,,,,
Dallas,2020-10-09,84,72,76.4,0,,,,,
,,,,,,,,,,
,,,,,,,,,,
,,,,,,,,,,
,,,,,,,,,,
,,,,,,,,,,
,,,,,,,,,,
,,,,,,,,,,
,,,,,,,,,,
,,,,,,,,,,
,,,,,,,,,,
,,,,,,,,,,
,,,,,,,,,,
,,,,,,,,,,
,,,,,,,,,,
,,,,,,,,,,
,,,,,,,,,,
,,,,,,,,,,
,,,,,,,,,,
,,,,,,,,,,
,,,,,,,,,,
,,,,,,,,,,
,,,,,,,,,,
,,,,,,,,,,
,,,,,,,,,,
,,,,,,,,,,
,,,,,,,,,,
,,,,,,,,,,
,,,,,,,,,,
,,,,,,,,,,
,,,,,,,,,,
,,,,,,,,,,
,,,,,,,,,,
,,,,,,,,,,
,,,,,,,,,,
,,,,,,,,,,
,,,,,,,,,,
,,,,,,,,,,
,,,,,,,,,,
,,,,,,,,,,
,,,,,,,,,,
,,,,,,,,,,
,,,,,,,,,,
,,,,,,,,,,
,,,,,,,,,,
,,,,,,,,,,
,,,,,,,,,,
,,,,,,,,,,
,,,,,,,,,,
,,,,,,,,,,
,,,,,,,,,,
,,,,,,,,,,
,,,,,,,,,,
,,,,,,,,,,
,,,,,,,,,,
,,,,,,,,,,
,,,,,,,,,,
,,,,,,,,,,
,,,,,,,,,,
,,,,,,,,,,
,,,,,,,,,,
,,,,,,,,,,
,,,,,,,,,,
,,,,,,,,,,
,,,,,,,,,,
,,,,,,,,,,
,,,,,,,,,,
,,,,,,,,,,
,,,,,,,,,,
,,,,,,,,,,
,,,,,,,,,,
,,,,,,,,,,
,,,,,,,,,,
,,,,,,,,,,
,,,,,,,,,,
,,,,,,,,,,
,,,,,,,,,,
,,,,,,,,,,
,,,,,,,,,,
,,,,,,,,,,
,,,,,,,,,,
,,,,,,,,,,
,,,,,,,,,,
,,,,,,,,,,
,,,,,,,,,,
,,,,,,,,,,
,,,,,,,,,,
,,,,,,,,,,
,,,,,,,,,,
,,,,,,,,,,
,,,,,,,,,,
,,,,,,,,,,
,,,,,,,,,,
,,,,,,,,,,
,,,,,,,,,,
,,,,,,,,,,
,,,,,,,,,,
,,,,,,,,,,
,,,,,,,,,,
,,,,,,,,,,